object_name,galactic_l_deg,galactic_b_deg,distance_to_sun_Lj,brightness_mag,object_type
ACO 262,136.58515717019563,-25.092403292801293,200000000.0,0.0,ClG
ACO 347,141.15880763366278,-17.631558718179086,250000000.0,0.0,ClG
ACO 3202,263.7429917733841,-46.52184600862198,920000000.0,0.0,ClG
ACO 3565,313.5368857122375,27.96733229846173,161000000.0,0.0,ClG
ACO 3581,323.1446091975199,32.85119562591808,278000000.0,0.0,ClG
ACO 3656,2.0770779488316893,-29.038476209608397,269000000.0,0.0,GrG
ACO 3698,19.198094002747247,-33.30936886735507,264000000.0,0.0,ClG
ACO 3742,352.5921008760727,-42.152447891384305,228309464.3860996,0.0,ClG
AM 1321-304,311.2579777942998,31.363177502610405,15519607.63862653,0.0,GX
Dwingeloo 1,138.51808410705735,-0.1114262637204859,13502874.036549319,0.0,GX
Dwingeloo 2,138.16362268751024,-0.1890177754634757,11350241.943766095,0.0,GX
ESO 157-47,262.5570106038706,-40.81170425481021,70094267.13030952,0.0,GX
ESO 157-49,260.9820424481587,-40.95807210791529,69777373.59374163,0.0,GX
ESO 302-14,241.45040066266682,-50.8839091916016,35877201.54638708,0.0,GX
ESO 302-9,241.72734693749547,-51.67936571180321,60241082.96016085,0.0,GX
ESO 357-12,237.30385080432671,-58.01932037587289,61911003.61395633,0.0,GX
ESO 357-7,232.86537496121105,-59.50439989947853,53391799.028577864,0.0,GX
ESO 358-50,233.91464239862358,-53.1057793823239,61822044.46194017,0.0,GX
ESO 358-51,235.76186195108204,-53.01754921924989,43729416.339380436,0.0,GX
ESO 358-60,236.88052440338188,-52.266901425378954,44813886.29521441,0.0,GX
ESO 358-9,236.35687083443347,-55.61665001737391,62964040.24888999,0.0,GX
ESO 359-3,233.55163003985587,-50.814996995955944,40432518.95485259,0.0,GX
ESO 482-46,223.3074173741404,-50.529261088270914,71633259.2953448,0.0,GX
ESO 549-18,214.83891959682336,-49.52486857893137,86483625.10945454,0.0,GX
HIDEEP J1336-3321,313.75917694881156,28.548573194491357,14814022.674880918,0.0,GX
HIJASS J1021+68,140.55191309964772,42.917539817073965,12067785.974693837,0.0,GX
IC 335,235.02636084587147,-54.258365059013826,64303034.48796727,0.0,GX
IC 342,138.17258204750644,10.579854815985092,10835660.367300773,0.0,GX
IC 346,209.37906689633806,-49.93034532990375,88225300.16634278,0.0,GX
IC 976,339.3572808003204,56.144754468819855,81533386.68699735,0.0,GX
IC 1014,7.213276979795723,63.755870247698105,85235533.37081052,0.0,GX
IC 1024,352.0066229213935,56.03734157308838,79117383.31922588,0.0,GX
IC 1066,358.87907623905306,52.424896192064075,89377719.36752975,0.0,GX
IC 1067,358.9333394618089,52.441668093500034,83202491.94984859,0.0,GX
IC 1070,359.32998935032055,52.40244601506401,83822189.067468,0.0,GX
IC 1574,101.19588550867554,-84.76143156084493,16238510.654461335,14.35,GX
IC 1613,129.74254509096002,-60.57534510953309,2390824.0954134655,10.01,GX
IC 1898,212.14151345187054,-58.22280574903201,63395481.0701484,0.0,GX
IC 1913,231.49166125303324,-57.585000126264646,67193649.74468042,0.0,GX
IC 1919,232.29793015058874,-56.22898139217486,59996465.67689004,0.0,GX
IC 1952,216.82436163255824,-53.41516431819583,73151439.57723196,0.0,GX
IC 1953,213.26633623922328,-52.759654811228366,81669556.97468477,0.0,GX
IC 1993,233.86332164473154,-51.85272291564023,44911733.20852274,0.0,GX
IC 2006,237.51247108620825,-50.38587107178387,62942744.95539636,0.0,GX
IC 2032,265.561291816794,-45.058753288045686,46640362.01030321,14.73,GX
IC 2038,266.3362378654121,-44.6019720429938,24000000.0,0.0,GX
IC 2049,269.50897211365236,-43.35092714918485,54468115.07496948,14.74,GX
IC 2056,271.3606136053611,-42.26397685472531,47520984.23007816,0.0,GX
IC 2058,265.7392948076009,-43.41512917374355,56849056.6321388,0.0,GX
IC 2085,263.1096825361838,-41.90823215493903,56653362.805522144,0.0,GX
IC 2574,140.20672811556733,43.607396977237755,12825963.654342676,10.87,GX
IC 2604,193.39847707777213,63.0711530881707,84474501.82285684,0.0,GX
IC 3687,131.9539093550683,78.46525297159407,14854093.315569093,0.0,GX
IC 4182,107.71212891925671,79.09638832455852,14615882.675431555,0.0,GX
IC 4247,311.90235268128487,31.89367173666012,16601359.624646386,14.28,GX
IC 4296,313.53831045978865,27.973008631046397,152945597.38017377,12.99,GX
IC 4316,315.66114005003914,32.76872413772816,13726524.12411121,15.93,GX
IC 4329,317.4438498216209,30.946096997417385,195878648.56401697,11.54,GX
IC 4374,323.14441952914297,32.8511679000933,332614273.97277766,0.0,GX
IC 5152,343.9189549051977,-50.19190919879401,6378686.872338171,10.9,GX
LEDA 621,351.4747722275643,-78.11534528117761,10474279.100815345,0.0,GX
LEDA 1038,357.8459835991839,-80.70970847670152,6354613.425413106,14.9,GX
LEDA 1641,320.41593655924686,-74.41757454278239,6501383.795375598,15.3,GX
LEDA 2881,119.7801348321614,-80.93438373063864,11246959.090829527,0.0,GX
LEDA 2933,121.0074300315671,-82.77428894535315,11670962.381832281,16.01,GX
LEDA 6430,273.07519053201287,-70.28917562513215,14677036.99624926,12.63,GX
LEDA 13809,235.85813878917307,-52.03922484865677,61210052.78874379,0.0,GX
LEDA 23521,143.8162179838802,33.01186067104769,11517979.509437516,0.0,GX
LEDA 28529,142.3138636882064,40.82730072556537,13443078.700638674,0.0,GX
LEDA 28731,142.5022539143525,41.283141942745864,11591597.663259972,0.0,GX
LEDA 28759,141.73703631076353,40.91959101424858,12627687.756402604,0.0,GX
LEDA 29167,141.91470116285063,41.713988052299825,12605943.997889642,0.0,GX
LEDA 29231,142.31108923947227,42.04743482227311,11891661.530738845,16.72,GX
LEDA 30664,141.1375207431264,43.997018316402105,11474181.367289979,0.0,GX
LEDA 31286,142.04591405100254,45.70584490178478,11095839.969164442,0.0,GX
LEDA 32667,136.88484723559824,44.23289914187083,12616815.877146125,0.0,GX
LEDA 45104,305.09931704754183,16.234436279134687,10507671.301388822,0.0,GX
LEDA 45717,306.3155438509843,15.752348931593406,12230864.16354105,0.0,GX
LEDA 45916,306.96902567703603,17.811737732917045,12217817.908433273,0.0,GX
LEDA 46663,308.54370381319194,17.479099607761444,12928838.811807126,0.0,GX
LEDA 46680,308.91888796004173,19.9803955060873,12485266.138142705,0.0,GX
LEDA 47171,310.17585729497586,20.883244482424562,12212226.656244228,0.0,GX
LEDA 48111,315.1198227235881,33.73823642911305,15734715.53534405,15.05,GX
LEDA 48515,312.21501847455687,16.751153250400282,11904707.785846623,0.0,GX
LEDA 48738,313.5051704855034,19.906318275105647,11505166.223170947,0.0,GX
LEDA 49615,317.7322534023304,25.646782138646447,14681696.373073468,0.0,GX
LEDA 50911,102.31508503388794,56.55851805332076,27971170.951074146,0.0,GX
LEDA 69468,17.73113787542795,-61.27633023724144,7305902.860355188,0.0,GX
LEDA 72675,322.4685565745515,-62.24060841107502,23222334.091843273,14.89,GX
LEDA 95594,140.4224672331431,22.345695586570507,14391650.165766636,0.0,GX
LEDA 166068,135.85406034021008,-0.8542451416444763,11350241.943766095,0.0,GX
LEDA 166069,138.4101840884148,-0.22471286035522545,13360180.621308006,0.0,GX
LEDA 166077,138.2010436902218,10.30773244449265,10371772.81068281,0.0,GX
LEDA 166101,144.17856867186768,41.35454300005693,11819907.127646072,0.0,GX
LEDA 166115,156.84564072751354,68.98411382256694,14742268.271788144,0.0,GX
LEDA 166152,305.7533799230549,22.714207629848616,19259534.102855977,0.0,GX
LEDA 166158,307.17820933546665,20.864064622709986,13907307.944890413,0.0,GX
LEDA 166163,310.30941681598165,30.915327889358196,17009055.09676442,0.0,GX
LEDA 166164,310.419760823472,28.840584103945336,15981662.507026974,0.0,GX
LEDA 166167,309.53963562725517,17.056261679563306,12296095.439079937,0.0,GX
LEDA 166170,314.55138531797115,32.279929515598326,15824020.257808,0.0,GX
LEDA 166172,312.80251167834206,18.100032147855536,11917754.0409544,0.0,GX
LEDA 166175,312.85724598369586,16.127472494789437,11598120.79081386,0.0,GX
LEDA 166176,316.946091531281,31.386261092707056,16112125.058104746,0.0,GX
LEDA 166179,312.98801888090225,14.753062673365715,12707052.474974915,0.0,GX
LEDA 168300,135.7383109200423,-4.526721968778185,16699206.537954714,0.0,GX
LEDA 592761,312.431881016267,22.124246417320563,16451327.690906951,0.0,GX
LEDA 2807103,129.68375948951527,-10.20994283340925,11342088.034323735,0.0,GX
LEDA 2807107,135.57839883769753,-3.0071658007165425,11350241.943766095,0.0,GX
LEDA 2807133,148.40355158719316,44.55289226194119,12393942.352388263,0.0,GX
LEDA 2815823,312.69351934089025,19.336351260569387,12557020.541235477,0.0,GX
LEDA 3097113,313.42929671569914,14.674055216496159,18421312.212181296,0.0,GX
LEDA 3097828,143.1021765927325,40.28852101232944,11806860.872538295,0.0,GX
LEDA 4614882,315.17979286692383,23.541557988516693,18525682.25304351,0.0,GX
LEDA 4689216,138.1367734204915,41.29603423129491,12772283.750513801,0.0,GX
M 32,121.15001697292713,-21.976333630433018,2533147.866760058,8.08,GX
M 65,241.33124799262157,64.22164874037549,35710499.39778771,0.0,GX
M 66,241.96108777320248,64.41863413589554,30540510.73167486,8.92,GX
M 81,142.0918223603465,40.90005610671894,12050968.536468968,6.94,GX
M 82,141.40946701705738,40.56696186677169,12759860.157581622,8.41,GX
M 83,314.58357764928263,31.97269990746963,15251022.043087194,7.52,GX
M 94,123.36293013349996,76.00753908981511,15412123.580920136,8.24,GX
M 95,233.95166276504128,56.368017450334804,30564423.004648853,9.73,GX
M 96,234.4353597342787,57.01040804301559,35037892.46778675,9.25,GX
M 105,233.49013491441633,57.632800551450835,37023408.24514179,9.76,GX
M 109,140.0915599630924,61.92314205698184,75965897.31975347,0.0,GX
M 110,120.71627948933171,-21.138699307042554,2568481.4743436202,8.07,GX
Maffei 1,135.86194383103978,-0.5508348564986892,12752714.367852136,0.0,GX
Maffei 2,136.49854171036057,-0.3256570646096865,11717167.868672326,0.0,GX
Mailyan 16,133.98315422422058,26.537112793180107,10996905.867930464,0.0,GX
Andromeda Galaxy,121.17432906422938,-21.57330879852804,2516063.4850713015,3.44,GX
Andromeda Group,122.11385711349504,-22.575733217969947,2500000.0,0.0,GrG
Andromeda I,121.67928523775203,-24.816601957559712,2433670.171563257,12.7,GX
Andromeda II,128.91876738056442,-29.161078651234167,2125452.3946420224,11.7,GX
Andromeda III,119.37486541204275,-26.264282429195585,2415187.9768272396,14.4,GX
Andromeda IX,123.21169306714177,-19.675129079930954,2266786.8249762747,16.3,GX
Andromeda V,126.21943194512666,-15.12330558804335,2551847.4990812046,15.3,GX
Andromeda X,125.75146348585803,-17.984546638397102,2120016.4550137823,16.6,GX
Andromeda XI,121.71879227802482,-29.0583346490626,2416003.367771475,17.5,GX
Andromeda XII,121.99568526264365,-28.4897758166745,2868545.341822494,18.3,GX
Andromeda XIX,115.58238419408266,-27.372415848003786,2854683.695770481,15.6,GX
Andromeda XV,127.87532159455046,-24.534595070523473,2263525.2611993304,14.6,GX
Andromeda XVII,120.23207523066284,-18.47443783456933,2394803.203221338,15.8,GX
Andromeda XVIII,113.88795754278324,-16.91720289604107,4144795.2477407916,16.0,GX
Andromeda XX,112.87298388117142,-26.879970353371984,2512219.4991913317,18.2,GX
Andromeda XXI,111.9169009027212,-19.186183035675132,2753575.2186852084,14.8,GX
Andromeda XXII,132.58700477340525,-34.10134571053348,2747867.482075556,18.0,GX
Andromeda XXIII,130.9919213225912,-23.558584200705912,2420080.322492656,14.2,GX
Andromeda XXIV,127.7892581337659,-16.250249302229726,2054785.1794748965,16.3,GX
Andromeda XXIX,109.80158023651708,-30.773804545094112,2380941.5571693243,16.0,GX
Andromeda XXV,119.15059902333911,-15.86343477615803,2620122.900811905,14.8,GX
Andromeda XXVI,118.14354707004473,-14.69813870157413,2478788.4704776527,17.3,GX
Andromeda XXVII,120.35899914451696,-17.414920060164917,2837560.4859415237,16.7,GX
Andromeda XXVIII,91.03119459774376,-22.92537370044379,2120016.4550137823,15.6,GX
Andromeda XXXI,101.10124792048846,-16.73415298700509,2478788.4704776527,0.0,GX
Antlia Dwarf Galaxy,263.0981912617191,22.30986220720845,4227802.045864023,15.17,GX
Aquarius Dwarf Galaxy,34.04859920110179,-31.342961819391107,3200991.8782296004,14.83,GX
Aquarius-Cetus Supercluster,42.381550338166896,-46.13540964850701,766000000.0,0.0,SCG
Barnard's Galaxy,25.342466682091228,-18.39118089487525,1622882.974015977,8.1,GX
Bootes I,358.03614216653506,69.64231818808045,216567.8347891002,12.8,GX
Bootes II,353.69402026378566,68.87087697538054,133724.11485471547,15.4,GX
Bootes III,35.30072391063198,75.36830966329475,159816.6250702697,12.6,GX
Bootes Supercluster,29.70014291421955,74.16510656204139,800000000.0,0.0,SCG
CVn I dSph,74.30574797127437,79.82286396200934,715369.6550764454,13.1,GX
CVn II dSph,113.58807681374414,82.70415487703235,521850.20431108476,16.1,GX
Cam A,137.2504588869943,16.198966912356045,11754675.852107186,0.0,GX
Cam B,143.38461210096511,14.423257442245493,11241523.151201285,0.0,GX
Canes Venatici Cloud,152.2279416736784,82.08686049325755,13000000.0,0.0,GrG
Canis Major Dwarf Galaxy,239.99052317102604,-7.992650263825132,25000.0,-0.1,GX
Carina Dwarf Galaxy,260.11237613882247,-22.223479096836694,342464.19657914946,11.0,GX
Cas 1,129.56875551629673,7.106255323304469,5936046.07403859,14.62,GX
Cas 2,138.51808410705735,-0.1114262637204859,13502874.036549319,0.0,GX
Cassiopeia Dwarf Galaxy,109.4588362428369,-9.961067511701161,2633712.749882506,11.8,GX
Cassiopeia II,120.46324072309736,-13.153856790658725,2218950.5562477587,0.0,GX
Cassiopeia III,120.48510594610435,-11.238641662528016,2544019.7460165387,0.0,GX
Cen N,312.74922163270526,14.222745084357276,12027016.427482035,0.0,GX
Centaurus A,309.51590291604253,19.417270907813226,13785896.23329366,6.84,GX
Centaurus Cluster,302.4033567557186,21.56436122610628,170000000.0,0.0,ClG
Centaurus Supercluster,313.5368857122375,27.96733229846173,140000000.0,0.0,SCG
Cetus Dwarf Galaxy,101.44158177604658,-72.86319381837036,2723405.7537484737,13.2,GX
Columba Supercluster,240.2976631334082,-22.703170453704466,476000000.0,0.0,SCG
Coma Cluster,56.48504385000581,87.99926570036534,300000000.0,0.0,ClG
Coma Dwarf Galaxy,241.886720564991,83.61119052411115,135354.89674318762,14.1,GX
Coma Supercluster,217.196393237751,69.81454401319034,300000000.0,0.0,SCG
CrB Supercluster,46.17338312496497,56.27072872881769,964000000.0,0.0,SCG
Dorado Group,264.3102947277735,-43.392786537725115,60000000.0,0.0,GrG
Draco Dwarf Galaxy,86.37473078598146,34.717073051357524,275602.1391517917,10.6,GX
Eridanus Cluster,215.09857284378455,-51.92110806518546,75000000.0,0.0,GrG
F8D1,144.61595895439655,40.952172815185854,12149325.069117445,13.85,GX
Fornax Cluster,236.71882260565818,-53.63453081907935,62000000.0,0.0,ClG
Fornax Dwarf Galaxy,237.10383147654537,-65.65149370174429,450561.7389007313,7.4,GX
Fornax-Eridanus Supercluster,231.28559278482342,-55.170316438044075,85000000.0,0.0,SCG
Great Attractor,279.12959295596164,10.328495180392943,200000000.0,0.0,SCG
Grus Supercluster,341.55988183515717,-54.011253508921875,900000000.0,0.0,SCG
HYDRA SUPERCL,225.49628093994306,29.407842168702143,150000000.0,0.0,SCG
Hercules Dwarf Galaxy,28.72802337896309,36.871263799785375,469665.18387997634,14.0,GX
Hercules Supercluster,29.959506995508598,48.73928689874717,500000000.0,0.0,SCG
Hydra Cluster,269.5722643659146,26.481882982140746,134376427.61010435,0.0,ClG
Hydra-Cen Supercluster,308.3390398772672,29.334758233692977,158000000.0,0.0,SCG
IC 4329 Group,317.26467899593223,30.772057024414426,197000000.0,0.0,GrG
IKN,141.89709898997225,42.21006183761758,12059632.065251475,0.0,GX
LEO SUPERCL,218.07060417394075,65.67831283921707,440000000.0,0.0,SCG
Laniakea Supercluster,230.5998999999999,66.4223,250000000.0,0.0,SCG
Large Magellanic Cloud,280.46522149818975,-32.888401793515,163127.11230386817,0.4,GX
Leo A,196.90362392248193,52.422475992286046,2499173.244083555,13.26,GX
Leo A Supercluster,269.19808631122675,55.18066374220764,932800000.0,0.0,SCG
Leo Cluster,241.44806609630174,67.5143222938426,358772015.4638708,0.0,ClG
Leo I Dwarf Galaxy,225.98565260335437,49.11249101500998,824360.2446226669,10.0,GX
Leo I Group,234.4348828546153,57.00698500067352,35000000.0,0.0,GrG
Leo II Dwarf Galaxy,220.16432205908075,67.22912267196526,754819.0455213905,12.0,GX
Leo II Group,230.70821573039788,66.67240980634259,70000000.0,0.0,GrG
Leo IV Dwarf Galaxy,265.44134253070496,56.514405462000475,515327.07675719634,15.1,GX
Leo T Dwarf,214.85241190400595,43.66094068963105,1350287.403654932,15.1,GX
Leo V,261.8624411735513,58.53743317853024,587081.4798499704,16.0,GX
Leo-Sextans Supercluster,248.54863720726345,52.62049484900249,440000000.0,0.0,SCG
Lepus Supercluster,233.44210833183448,-24.083231690630456,230000000.0,0.0,SCG
Local Group,196.9036199999999,52.422479999999965,1500000.0,0.0,GrG
M 66 Group,244.51518116693873,64.09137794365162,30000000.0,0.0,GrG
M 83 Group,314.6049341964694,31.969635865631254,12000000.0,0.0,GrG
M 96 Group,234.4348828546153,57.00698500067352,37000000.0,0.0,GrG
M81 Group,142.09179639554893,40.839727241489264,11840000.0,0.0,GrG
Maffei Group,138.3959737481383,10.634334569980055,10763160.463916125,0.0,GrG
Milky Way Group,358.0361000000001,69.64230000000002,100000.0,0.0,GrG
NGC 3109 Group,251.1365081453609,32.26009998285626,4316136.064822931,0.0,GrG
NGC 4631 Group,142.80526663493384,84.22342893987363,34246419.657914944,0.0,GrG
NGC 5128 Group,308.32858755969795,17.585488438227642,15000000.0,0.0,GrG
Norma Cluster,325.25546528404806,-7.128051463195366,221786336.83221105,0.0,ClG
Ophiuchus Supercluster,311.53112552517024,32.31072830555331,370000000.0,0.0,SCG
Pegasus Dwarf,106.04157972858394,-36.32458278070884,2981069.292127072,13.2,GX
Pegasus Dwarf Galaxy,94.7713908680442,-43.55221710358593,3457257.6035609366,12.52,GX
Per-Psc Supercluster,142.59190153163036,-17.33763284437805,230000000.0,0.0,SCG
Perseus Cluster,150.57236327672663,-13.259478072102082,240000000.0,0.0,ClG
Perseus I Dwarf Galaxy,147.81684931467933,-15.520285647569631,2576635.383785981,0.0,GX
Phoenix Dwarf Galaxy,272.15911592920514,-68.94935000170113,1382087.6504801386,13.2,GX
Pisces I,126.76250352484809,-40.89391497964403,2087400.8172443395,14.3,GX
Pisces II,79.20634166197055,-47.105798963652525,588712.2617384426,16.3,GX
Pisces III,123.03155517685275,-29.867223423424253,2650020.5687672277,18.1,GX
Pisces IV,122.96965553812115,-33.174792487119355,2481234.6433103606,15.9,GX
Pisces V,124.90592719388945,-30.46419113839794,1627520.324695196,14.4,GX
Pisces-Aries Supercluster,137.29551457323,-43.911859371673984,620000000.0,0.0,SCG
Pisces-Cetus Supercluster,87.4820297921978,-82.5675415737798,800000000.0,0.0,SCG
Sag dIG,21.056012835696464,-16.28477395592884,3479001.362073899,13.6,GX
Sculptor Dwarf Galaxy,287.53339819558187,-83.15676542240443,269201.3202395385,8.6,GX
Sculptor Group,287.6938825123025,-83.13345142412294,12000000.0,0.0,GrG
Sculptor Supercluster,359.9828923786959,-84.89769626288495,400000000.0,0.0,SCG
Sculptor dE1,52.744263917485945,-83.34398260394536,13992108.603090962,0.0,GX
Segue 2,149.4328587080245,-38.135172458399936,106000.82275068908,15.2,GX
Sextans A,246.14603386384405,39.875354345724396,4421553.759504409,11.93,GX
Sextans B,233.1979692640783,43.7883400149481,4580658.770659709,11.89,GX
Sextans Dwarf Galaxy,243.49811408904915,42.27208961996483,289463.78520380484,10.4,GX
Sgr Dwarf Galaxy,5.5681767163602816,-14.164803305826526,71754.40309277417,3.6,GX
Shapley Supercluster,306.44425723582464,29.705751031981528,650000000.0,0.0,SCG
Small Magellanic Cloud,302.8083890743798,-44.327687896978915,196807.97680286094,2.2,GX
Triangulum Galaxy,133.61019469854122,-31.33067895945953,2780393.9704350955,5.72,GX
Tucana Dwarf Galaxy,322.9082681396224,-47.36936382069535,2948453.6543576294,15.2,GX
UMa I Galaxy,159.43108301337628,54.41432967054263,321508.64931228245,14.4,GX
UMa II Galaxy,152.46425493386528,37.44290116255897,103310.03263471008,13.3,GX
UMa Supercluster,140.63220842483003,60.30246122559454,564000000.0,0.0,SCG
UMi Galaxy,104.96622885749761,44.800940382103256,232386.41910727997,10.6,GX
Ursa Major Cluster,104.89255759646072,44.89849735810467,60000000.0,0.0,ClG
VIRGO-COMA SUPERCL,268.98469904414713,68.68547926872652,750000000.0,0.0,SCG
Virgo Cluster,283.76057572928954,74.48350689570003,54000000.0,0.0,ClG
Virgo III Cloud,335.9293401643316,68.75051600834936,47390521.679000385,0.0,GrG
Virgo Supercluster,283.9216250730289,74.51245060173422,65000000.0,0.0,SCG
Wolf-Lundmark-Melotte,75.85320948117578,-73.62578833941473,3183286.2462976174,11.1,GX
NGC 55,332.88204160888097,-75.73091125113392,6971592.573218398,7.87,GX
NGC 59,65.71073171103032,-80.02185640403653,16679637.155293051,12.59,GX
NGC 147,119.81740865306097,-14.252699558398344,2373693.6376650035,9.5,GX
NGC 185,120.79175702029069,-14.482402856898108,2109144.575757301,9.2,GX
NGC 247,113.94741611062234,-83.55708525778157,11668244.412018163,9.1,GX
NGC 253,97.36385102317853,-87.96454692138065,11720266.354260424,0.0,GX
NGC 300,299.2091189788549,-79.41906825026877,7265948.70408762,8.13,GX
NGC 625,273.67705729230846,-73.1214507913794,13466833.756814087,11.25,GX
NGC 1232,208.773098880885,-57.80897829420227,64633322.17977915,9.87,GX
NGC 1258,211.4618974829317,-57.20720096117562,63000000.0,0.0,GX
NGC 1297,207.5890610018056,-55.21479707370349,84490809.64174157,13.98,GX
NGC 1300,208.16469919047023,-55.222668312277634,57158252.87819312,10.42,GX
NGC 1310,240.0373756284567,-57.026545838605614,75260584.15298927,12.08,GX
NGC 1316,240.16273047069606,-56.68984609234754,65133428.62557728,8.53,GX
NGC 1317,239.97187020570638,-56.69327006787274,64277268.13412939,11.02,GX
NGC 1325,212.30817187041671,-54.84164124638688,72693733.46053413,11.55,GX
NGC 1325A,212.0089979721576,-54.6955435595329,60338929.87346918,12.83,GX
NGC 1326,238.77284309479617,-56.51768297624575,57414394.35347581,10.54,GX
NGC 1326A,238.55400152423317,-56.285414668178404,52563361.82923402,0.0,GX
NGC 1326B,238.5857260244502,-56.24404623170335,42905871.48570201,0.0,GX
NGC 1332,212.18298672424723,-54.366126066016164,75198614.44122733,0.0,GX
NGC 1336,237.3519716919159,-56.05151638899618,60487548.46290528,0.0,GX
NGC 1339,231.22542737526126,-55.78044903032322,63698340.5637218,0.0,GX
NGC 1341,239.86288724572464,-55.650488976504434,81245553.68368202,0.0,GX
NGC 1344,229.0685760408239,-55.67823837542927,56464192.10645938,10.32,GX
NGC 1347,214.11078394430223,-53.87667783192216,75000000.0,0.0,PaG
NGC 1350,233.61245049919287,-55.16778783067124,62859652.73536469,10.52,GX
NGC 1351,235.76288085106756,-55.265908346409766,64050100.21706522,0.0,GX
NGC 1353,212.0342263516702,-52.92905843094267,80012682.57599708,11.35,GX
NGC 1359,210.1820665449955,-52.11705794172919,107631604.63916124,0.0,GX
NGC 1365,237.95652510505565,-54.59778762369162,60516609.83245626,9.63,GX
NGC 1366,229.42433864775867,-54.49753499729093,62728025.34008086,0.0,GX
NGC 1369,238.10009014705963,-53.95800046037943,60516195.86474611,0.0,GX
NGC 1370,211.71953428478344,-52.08069574635846,46183743.08153101,0.0,GX
NGC 1371,218.95424164719608,-53.34700447374872,77932736.76167147,0.0,GX
NGC 1374,236.3621618805526,-54.29521784072062,62853559.3058957,11.08,GX
NGC 1375,236.4295994052115,-54.29344635034303,50215035.90983413,12.4,GX
NGC 1377,212.7016233306533,-51.930771816927965,79764803.72894931,0.0,GX
NGC 1379,236.7220749860012,-54.12830512441862,58119715.28586805,10.91,GX
NGC 1380,235.92630314110247,-54.058596689620956,64375115.047437735,9.93,GX
NGC 1380A,235.52189572401088,-53.99374832328312,62594681.74100014,12.41,GX
NGC 1381,236.4688872577386,-54.03815488134581,68127000.5788493,11.5,GX
NGC 1382,236.29372045778814,-53.9134550952674,71488042.05099037,12.92,GX
NGC 1383,208.94673020605578,-50.8642165725893,103274155.43316369,12.47,GX
NGC 1385,218.46057101609134,-52.70835564448488,49122774.44053302,10.94,GX
NGC 1386,237.66343282255548,-53.96593382195388,45446722.85547809,11.23,GX
NGC 1387,236.82443956739252,-53.94643426884881,60792100.86339147,10.69,GX
NGC 1389,237.22829416354776,-53.88924986586904,55960969.0552744,11.5,GX
NGC 1395,216.21197453811024,-52.1205023746272,75304071.67001519,0.0,GX
NGC 1396,236.70111194811977,-53.71229873613237,62719871.430638514,0.0,GX
NGC 1398,221.53657394938122,-52.78391233598754,71232552.88846308,0.0,GX
NGC 1399,236.71640531098026,-53.63563993791344,65236004.806362174,9.59,GX
NGC 1400,209.70652754618942,-50.57318314979569,81049859.85706538,10.96,GX
NGC 1401,215.82306080393883,-51.847778285951705,51413117.00389833,0.0,GX
NGC 1404,236.95523280767483,-53.55476351623561,69505457.02165776,10.0,GX
NGC 1406,229.78508884745287,-53.33590396434554,54296701.7786923,0.0,GX
NGC 1407,209.63625278411413,-50.3837583548787,81419503.75178571,9.67,GX
NGC 1415,215.7327836825361,-51.4528267911864,73711341.35894074,0.0,GX
NGC 1425,227.51995101787804,-52.59933454705119,70515008.85753535,0.0,GX
NGC 1426,215.22359964373007,-50.911233391701884,70351930.66868813,11.44,GX
NGC 1427,236.59664969337365,-52.85457611424803,67114875.21383917,0.0,GX
NGC 1427A,236.99828141235375,-53.29402158696521,50293313.4404808,0.0,GX
NGC 1428,236.20149427045516,-52.84548269489765,67381787.61521383,0.0,GX
NGC 1436,237.35026916461698,-52.58465741616542,53527534.441095024,0.0,GX
NGC 1437A,238.04739335613232,-52.69194978793746,55120427.83035833,0.0,GX
NGC 1437B,238.15870105134522,-52.11019055285897,34920584.890609324,0.0,GX
NGC 1438,216.82879898749238,-50.6058981805836,91095476.29005374,0.0,GX
NGC 1439,215.1476092252579,-50.41041916529397,79497355.49923988,0.0,GX
NGC 1440,209.80463877753695,-49.196132967692044,67155598.16728273,0.0,GX
NGC 1452,210.3730773424538,-49.25267116825955,76092282.91611005,0.0,GX
NGC 1460,238.70798703480563,-52.03779463899559,63322363.79933454,0.0,GX
NGC 1482,214.12377564582127,-47.80346164100431,76312438.47105381,12.15,GX
NGC 1484,239.08725805933366,-50.41756198929611,46825183.95766339,0.0,GX
NGC 1515,264.0949422566816,-45.85116487667473,54952690.264686905,11.03,GX
NGC 1522,261.9958617815626,-45.969521497342484,34463857.24304456,13.78,GX
NGC 1531,233.13179612187466,-46.59898672255128,50423775.991558574,0.0,GX
NGC 1532,233.1683428997266,-46.58397623656267,57902075.79440939,0.0,GX
NGC 1533,266.4481929640418,-44.43301679742049,51549015.49460435,10.92,GX
NGC 1536,266.8590840231838,-44.16978273370798,54109343.059505604,13.15,GX
NGC 1543,268.40628917000754,-43.54435493079829,57170553.633009024,10.6,GX
NGC 1546,266.0911388509786,-43.820130390684064,53946264.87065839,10.92,GX
NGC 1549,265.40533469351027,-43.8011642336688,55711586.26492949,9.79,GX
NGC 1553,265.6312953226352,-43.69122551761504,51365552.53215123,9.4,GX
NGC 1560,138.36591746842274,16.022223725498637,10766784.423668286,0.0,GX
NGC 1566,264.3103264796502,-43.3932833161401,43858426.012048475,9.73,GX
NGC 1569,143.68228847065416,11.241802907072389,9509513.19497205,11.03,PaG
NGC 1574,266.89370994708486,-42.584930972982534,58373837.697860256,10.48,GX
NGC 1581,264.0871313117614,-42.732089221167136,69275614.62229651,0.0,GX
NGC 1596,264.0706860793526,-42.30943351089385,53766878.86292645,10.97,GX
NGC 1602,264.0978597927952,-42.26348846083002,75300000.0,13.33,GX
NGC 1617,263.3434446193113,-41.83448087090931,43911520.31692649,10.26,GX
NGC 1705,261.0783862820142,-38.743453066114455,18663755.119600818,12.56,GX
NGC 2366,146.4239929064905,28.533033744318487,10889999.055241734,11.39,GX
NGC 2403,150.56893833507905,29.185714413573496,10887157.444447836,8.38,GX
NGC 2537,173.8135084976439,32.957186270574965,27353648.20930603,11.69,GX
NGC 2976,143.91442791161452,40.90250955194638,11937595.220597476,10.16,GX
NGC 3077,141.89971511176208,41.65996063652871,12632362.66448289,10.14,GX
NGC 3098,206.80388499172767,52.0642409469712,67079495.012487374,0.0,GX
NGC 3109,262.1016452104308,23.070173917087327,4278578.663755088,10.04,GX
NGC 3156,238.25931904534846,45.1333313008689,70573717.00552034,0.0,GX
NGC 3162,211.03876218505204,54.077503035373226,73711341.35894074,0.0,GX
NGC 3165,238.1530015946759,45.44652412689698,80430162.73944595,0.0,GX
NGC 3166,238.1463110514636,45.524388203040274,65386199.81829045,0.0,GX
NGC 3169,238.20173237756458,45.647114724263325,68433043.97991924,12.41,GX
NGC 3177,214.02633071289532,54.29890321886638,69471308.44891317,0.0,GX
NGC 3185,213.22244719134758,54.7038212985878,71349793.56176816,12.17,GX
NGC 3187,212.93286972569499,54.791161125102725,79373416.075716,13.44,GX
NGC 3190,213.035604883698,54.845321416802804,72828142.50378199,11.15,GX
NGC 3193,212.9688475282312,54.93426335675857,88453609.63072889,10.88,GX
NGC 3213,217.03995784560342,54.881715347916334,68329761.12698266,0.0,GX
NGC 3226,216.9275892677358,55.44315612031016,74347346.29544488,13.33,GX
NGC 3227,216.99138386717544,55.44533393077993,63524545.808178894,11.79,GX
NGC 3245,201.90528063614448,58.2206059630182,67840526.56044102,0.0,GX
NGC 3245A,201.64343326382692,58.172002868255305,82459787.28407013,0.0,GX
NGC 3254,200.10975727339772,58.75334971403297,102571759.55399998,11.6,GX
NGC 3265,201.51551125462686,59.08077449434904,72548050.27849728,13.54,GX
NGC 3277,202.14631233090188,59.44840936313784,75792219.04863119,11.68,GX
NGC 3279,232.6214329890685,54.17292804204488,96589399.27432877,0.0,GX
NGC 3287,215.38562907697846,58.50575984981632,52957970.27669706,0.0,GX
NGC 3294,184.61796952656206,59.84230944322503,95091272.43258446,0.0,GX
NGC 3299,230.73014342488926,55.294796765989695,34681294.82817418,0.0,GX
NGC 3301,215.23117471548977,59.05028024997873,74646322.9749981,0.0,GX
NGC 3309,269.5713928877229,26.480789808750107,179196837.03287265,11.78,GX
NGC 3311,269.60226074593703,26.48697767930131,155698900.80187756,10.93,GX
NGC 3338,230.33108705614194,57.019403843121985,74354449.25655909,0.0,GX
NGC 3346,228.8170049802651,57.87834786926131,64701271.42513215,0.0,GX
NGC 3365,247.75198669203178,50.755326138504245,49472486.55661649,0.0,GX
NGC 3370,225.35095716532518,59.67233031138873,82364052.62158877,0.0,GX
NGC 3377,231.17840753244928,58.318103087630874,34560345.171445824,10.38,GX
NGC 3380,202.5713430333004,62.798252818314936,45728374.4188733,0.0,GX
NGC 3381,189.21442602717386,62.667423845127395,88271679.60325092,0.0,GX
NGC 3384,233.5221023897898,57.75233030782402,32876562.871598348,0.0,GX
NGC 3389,233.7194377177229,57.74046332794255,74084091.50487722,0.0,GX
NGC 3395,192.92064109161612,63.14326260157364,84795222.26092304,12.1,GX
NGC 3396,192.89991818872352,63.162939020355026,93466633.15589224,12.5,GX
NGC 3400,202.95727237913945,63.347720325670956,79859389.07848069,0.0,GX
NGC 3412,232.86942857609105,58.699896801828324,36357117.35928031,10.54,GX
NGC 3414,204.07717702615207,63.41861443902855,81711712.68650179,0.0,GX
NGC 3418,203.7778919852801,63.459292530524365,71803326.54942831,0.0,GX
NGC 3423,244.16528802702152,54.36687031744329,41796939.80154095,0.0,GX
NGC 3424,193.03108577118815,63.554870954631106,82113129.6483492,0.0,GX
NGC 3430,192.90328519836262,63.6381378790496,96435830.35587123,0.0,GX
NGC 3437,215.18157141384242,62.819635934333505,84241666.93873025,11.961,GX
NGC 3442,190.70345125117186,63.73597033117129,89464694.40158162,0.0,GX
NGC 3443,225.98732040580725,61.08461571421841,84109206.6798391,0.0,GX
NGC 3447,227.56347328593776,60.82872726120087,62295868.13963576,0.0,GX
NGC 3451,205.88840015287084,64.02083234825186,87423390.35238475,0.0,GX
NGC 3454,226.72939599661976,61.31041209677596,61295416.066695854,0.0,GX
NGC 3455,226.84697999073865,61.29106803962554,88692790.97437148,0.0,GX
NGC 3457,226.2711698408079,61.4962435071872,64067984.458442144,0.0,GX
NGC 3485,232.63933821005753,61.33666405922708,74032768.46915859,0.0,GX
NGC 3489,234.3835303905868,60.91305773404354,36366436.112928726,10.29,GX
NGC 3495,249.88712581581552,54.72597154849752,57224136.46648739,0.0,GX
NGC 3501,227.2716992907775,63.37438160280128,70063086.58060193,0.0,GX
NGC 3504,204.60244891397318,66.04025824137356,89678381.18836774,12.93,GX
NGC 3507,227.11723130125316,63.57251613293006,51708832.11967462,0.0,GX
NGC 3512,204.47922915694704,66.23469215705164,78212299.37112385,12.87,GX
NGC 3547,242.53487898017207,61.03355329458049,70948833.07946645,0.0,GX
NGC 3550,202.80791641577707,67.71992167563913,489234566.541642,13.22,PaG
NGC 3592,231.66203125662338,65.53789364458666,66612584.03801903,0.0,GX
NGC 3596,236.89410246407382,64.42025293390512,63443547.201466896,11.49,GX
NGC 3607,230.59993933242393,66.42234707616763,64171267.31137872,12.76,GX
NGC 3608,230.40278392042825,66.48117874168845,68948852.52561493,0.0,GX
NGC 3626,230.7670132024734,67.22807817529618,69970281.11301741,0.0,GX
NGC 3628,240.85160921798453,64.78083968491505,33029937.908209145,9.48,GX
NGC 3630,256.95157662688456,57.45810863422582,76222745.46718782,0.0,GX
NGC 3631,149.53072359340828,59.03918824376908,57914283.3616888,0.0,GX
NGC 3640,256.9253284486664,57.798639372778,81327785.86040823,10.44,GX
NGC 3655,235.58588860944602,66.96825033158201,99111013.88917759,11.904,GX
NGC 3659,233.07875943032016,67.75530034702886,72398561.93872064,0.0,GX
NGC 3664,258.01664607002743,58.39009914009158,85616049.14478736,0.0,GX
NGC 3666,246.4025852037931,64.1787691440519,53530219.79527138,0.0,GX
NGC 3681,236.13261811379712,67.84440582652694,70665040.79127477,0.0,GX
NGC 3684,235.98011511653561,68.07199512132371,64325632.46556466,0.0,GX
NGC 3686,235.7128195221669,68.28362236563727,60563558.43016415,0.0,GX
NGC 3691,236.5558447846857,68.21304367403155,63282491.1821614,0.0,GX
NGC 3705,252.02103520278763,63.78557950326357,57513229.61944383,11.07,GX
NGC 3726,155.37876354956518,64.8786508617747,49004995.74858781,0.0,GX
NGC 3738,144.554251361161,59.31540901367877,15997970.325911695,12.04,GX
NGC 3755,177.95478992861436,71.62501019137181,101907932.96076998,0.0,GX
NGC 3810,252.94075570344134,67.2200396641335,50948887.759646595,0.0,GX
NGC 3813,176.1894782895033,72.42220137275952,73482338.81225203,0.0,GX
NGC 3842,234.29046829199115,72.98783964700355,305189958.54830456,11.82,GX
NGC 3883,233.07362333053342,73.89454501077788,326188993.3321974,0.0,GX
NGC 3884,233.75501798183888,73.64373524531973,322063115.154363,12.88,GX
NGC 3938,153.8771125075963,69.31909480675556,47017259.00161324,10.38,GX
NGC 3953,142.21748156204018,62.59025221011573,58030982.11362787,0.0,GX
NGC 4051,148.88311472236714,70.0851695511216,41905712.953502044,12.92,GX
NGC 4068,138.9003729933851,63.04384800960008,14593168.213413548,0.0,GX
NGC 4144,143.1742003876133,69.00766706012834,22641901.184307847,0.0,GX
NGC 4190,160.61593096908152,77.58932262326424,9958641.398936534,13.25,GX
M 98,265.43161900215784,74.95992140868965,54066557.27286807,10.14,GX
NGC 4214,160.25431372994157,78.07454601129353,9968969.684230192,9.93,GX
NGC 4216,270.4557823820195,73.73794366191213,53592530.15925002,10.01,GX
NGC 4236,127.41690362277984,47.36204677830437,14296272.722175138,10.08,GX
NGC 4244,154.56761600909357,77.15709597918286,14272859.353633502,0.0,GX
M 99,270.43101974326004,75.18983524472794,58949629.14925158,9.87,GX
M 61,284.370913217398,66.27584592458008,56984178.56004078,9.65,GX
M 100,271.1368029341275,76.89893250610915,52587736.58252705,9.35,GX
NGC 4365,283.80700196493575,69.18187261774729,71654273.08482197,0.0,GX
M 84,278.2044687961431,74.47836102488809,57747617.45268695,10.49,GX
M 85,267.71198486906735,79.23722035833615,57120853.613550834,0.0,GX
NGC 4395,162.0947693529751,81.53289030465753,14525607.249462562,10.11,GX
M 86,279.08350923925116,74.6368609589665,56573635.69097462,8.9,GX
NGC 4429,282.37966405144493,73.01475013320123,55423508.64433088,0.0,GX
NGC 4438,280.34794110286475,74.83269549835003,53934849.397439085,10.17,GX
NGC 4442,284.17668637449674,71.81919338424062,53343155.13453316,0.0,GX
NGC 4449,136.8530746385121,72.40073691328438,13222307.072537068,9.64,GX
NGC 4450,273.9114942333341,78.64221779247185,54974519.44510831,10.08,GX
NGC 4459,280.1080051851293,75.84635972196565,55799920.2838884,0.0,GX
M 49,286.9220079325951,70.19602192902752,56644629.062519446,12.17,GX
NGC 4473,281.61704382653863,75.39870018203779,60692483.38688995,10.2,GX
NGC 4477,281.54433332504846,75.61205357768158,60226283.614522964,10.42,GX
M 87,283.77775499496283,74.49115452393593,57456522.885594666,8.63,GX
M 88,282.3285090314148,76.50769907911273,61238197.366169006,13.18,GX
NGC 4526,290.1595175312618,70.13852265514026,54380949.78303064,0.0,GX
NGC 4535,290.0720009595295,70.64137300668884,51675212.923819974,0.0,GX
M 91,285.693114843167,76.82962416465362,55087812.192588896,13.57,GX
M 89,287.9324508148107,74.96680928269059,51302310.81051628,9.75,GX
M 90,288.4672049671552,75.62283017810918,49160800.65021243,9.54,GX
M 58,290.396937840577,74.35537416196549,59056613.45892577,9.66,GX
NGC 4596,293.299202278159,72.83237568818771,52901477.27411058,0.0,GX
NGC 4605,125.33250757047607,55.465734572841036,16088404.594272422,0.0,GX
M 59,294.36367183203515,74.36207425540746,50461051.00615222,0.0,GX
NGC 4627,142.9517968981058,84.1833605424118,28871362.553510766,12.43,GX
NGC 4631,142.80526663493384,84.22342893987363,24198473.536514457,9.19,GX
M 60,295.872974637113,74.31782639807018,57399282.441309296,0.0,GX
NGC 4654,295.4282303330218,75.88880143204999,51746774.97827974,0.0,GX
NGC 4656,140.33302515723966,84.7030012105936,22604838.529773295,10.52,GX
NGC 4657,139.72510764360462,84.68378401067676,30000000.0,0.0,GX
NGC 4696,302.40359294843745,21.55814546279655,140292496.60600916,0.0,GX
NGC 4709,302.65516896242053,21.489039224495667,170601529.2926988,11.32,GX
NGC 4729,302.9995564059363,21.739456638622897,137370543.1573392,0.0,GX
NGC 4730,303.0476092744164,21.72468722305246,181041251.34873462,0.0,GX
NGC 4743,303.0989642041187,21.480978157942438,128577367.2146974,13.31,GX
NGC 4762,304.27116544779693,74.09865673400456,58344728.241151035,0.0,GX
NGC 4872,57.82564962182292,88.02045352763551,315817220.52151465,14.1,GX
NGC 4889,57.19651723643285,87.89379429821592,309643546.2294416,11.3,GX
NGC 4945,305.2715458699348,13.340162753575358,13714269.963063551,14.4,GX
NGC 5102,309.7315267931927,25.83832806079741,11937323.423616067,9.65,GX
NGC 5204,113.50080939024906,58.00513548747068,15269554.415727466,0.0,GX
NGC 5206,310.18440235572956,14.124168591253403,12002554.699154953,0.0,GX
NGC 5237,311.87814278205974,19.22063387318066,11257054.407281974,12.67,GX
NGC 5248,335.9293401643316,68.75051600834936,44719083.508097894,0.0,GX
NGC 5253,314.8603460262455,30.105957693460546,11303356.96447252,10.49,GX
NGC 5264,315.71611194285833,31.71004151373129,14915131.151966194,12.39,GX
NGC 5291,317.0021591254273,30.9308629610057,191086867.78172302,14.0,GX
NGC 5298,317.2875181291856,30.844620649076088,172553031.61923712,13.09,GX
NGC 5300,335.7501179136943,63.142661524257576,59222822.74899884,0.0,GX
NGC 5302,317.3159679315781,30.75268799068249,175887980.58116266,12.2,GX
NGC 5334,333.04101795229036,58.11772803005975,83023105.94211665,0.0,GX
NGC 5348,340.0273446966576,63.48483530144486,51598795.111749955,0.0,GX
NGC 5356,340.52476835777657,63.46814501197904,75921376.97419818,0.0,GX
NGC 5360,340.41399556917605,63.08457079977371,73548263.1700935,0.0,GX
NGC 5363,340.9607774510656,63.2458631695606,91808209.51441048,10.51,GX
NGC 5364,340.7056626502105,63.03402685457904,55490887.11602292,0.0,GX
NGC 5470,346.55209964475074,62.3590222464707,62605716.69844545,0.0,GX
NGC 5496,340.4571021979587,55.75783173037864,72930160.59476505,0.0,GX
NGC 5506,339.1502221543571,53.81007667001472,91584710.85659538,14.38,GX
NGC 5507,339.2325681202501,53.849081876279364,99423335.80051814,12.46,GX
NGC 5560,349.2524347563529,58.64962070534529,78299274.40517569,12.37,GX
NGC 5566,349.2728578837526,58.56333219225093,80812231.63903084,10.55,GX
NGC 5569,349.4091636749342,58.56811288104512,71002612.6421885,0.0,GX
NGC 5574,348.643471029736,57.933461429278175,79264945.7832485,12.39,GX
NGC 5576,348.72979628821366,57.93838333475388,80209101.19456416,10.96,GX
NGC 5577,348.9855847451262,58.03978526699937,75135883.69791743,0.0,GX
NGC 5584,345.1146627135183,54.85593770623371,75800291.41897912,0.0,GX
NGC 5636,351.71734410113777,56.530342004576674,90695934.72737807,0.0,GX
NGC 5638,351.68488602959445,56.50207811916325,79009052.80806307,11.2,GX
NGC 5645,357.3364005201616,59.217986364731146,55902387.74588072,0.0,GX
NGC 5658,349.22937922279294,53.82543727933454,79940928.17290431,0.0,GX
NGC 5668,354.4335999795069,56.75194248610125,89203769.29942606,0.0,GX
NGC 5669,1.930838337622546,60.5569083182678,57456251.088613264,0.0,GX
NGC 5690,353.15511249048626,54.45349814160504,69340324.04763108,0.0,GX
NGC 5691,350.196978201983,52.420146134677594,88641149.54790318,0.0,GX
NGC 5692,354.69301312772006,55.154454879384566,87850220.33199419,0.0,GX
NGC 5701,357.44606461583845,56.364675274529965,81588017.88026117,10.88,GX
NGC 5705,350.45275434572284,51.86116930982668,69845083.65775098,0.0,GX
NGC 5713,351.02342267815027,52.12382618004869,86873335.38703112,11.2,GX
NGC 5719,351.2193966211158,51.97812446522278,86675731.21591656,0.0,GX
NGC 5725,354.0491316323899,53.8120857565909,90622549.54239683,0.0,GX
NGC 5740,354.4913782944051,52.85103219324698,92596541.12774,0.0,GX
NGC 5746,354.9660649989066,52.955474344034826,90362798.60320099,0.0,GX
NGC 5750,352.88360541208164,51.16612625562404,103574219.30064256,15.58,GX
NGC 5770,359.7468897102766,52.83186082393978,66639183.90259988,12.26,GX
NGC 5774,359.4090073804748,52.495196167596774,83365570.1386958,12.94,GX
NGC 5775,359.4319556144674,52.422805853592656,67106674.71062856,11.34,GX
NGC 5792,355.3531522228594,48.42647170530289,83972221.00120744,0.0,GX
NGC 5806,359.09119666628334,50.194168168364676,78160114.35069273,11.7,GX
NGC 5813,359.18190819523727,49.848558018606724,100978014.53419492,10.46,GX
NGC 5831,359.3882742423174,48.982309883776594,86904366.83668034,0.0,GX
NGC 5838,0.7286599962886589,49.31934814389284,91804866.41153912,0.0,GX
NGC 5846,0.42586970654649486,48.79670858278933,82475706.82155283,0.0,GX
NGC 5846A,0.4134185175698045,48.789773000356945,77000000.0,13.37,GX
NGC 5854,1.8620156977838078,49.178698020953796,88437301.81184417,0.0,GX
NGC 5864,2.862249645073071,49.15120292891133,95139815.37346464,0.0,GX
NGC 5869,359.98009345764586,47.419683684000525,87664311.19670837,0.0,GX
NGC 5921,8.125585152768672,47.938176350827604,62051250.85636492,0.0,GX
NGC 7014,352.530757865428,-42.351211696754696,233346250.7330664,12.25,GX
NGC 7793,4.516016965915018,-77.17116505564043,11842194.480121858,9.28,GX
SCl 48,261.619672439888,-54.761559886979676,700000000.0,0.0,SCG
SCl 175,5.351179046988897,-36.30266937423553,274000000.0,0.0,SCG
UGC 2773,148.81040701728975,-6.8401246803867375,13839902.29350023,0.0,GX
UGC 3794,136.65609636277122,28.124119810813973,123000000.0,0.0,GX
UGC 4305,144.2764362112942,32.688395747044055,11198253.071760492,11.39,PaG
UGC 4426,179.14604260222495,35.21332290211797,32539534.614647433,0.0,GX
UGC 4459,149.2950395841453,34.948723373276195,11777506.798545796,14.7,GX
UGC 4483,144.96765656167653,34.380476568563715,11205801.262215706,14.98,GX
UGC 4945,136.6895435445957,35.166897212546466,21852477.0,0.0,GX
UGC 5139,140.72944977395957,38.66191239639431,12789406.960342757,13.66,GX
UGC 5336,141.97420732188885,41.05565990718066,12184270.39529899,14.1,GX
UGC 5423,140.0340853913371,40.8073887054244,23755636.008971184,15.09,GX
UGC 5428,144.12742015460609,43.092194311728946,11670962.381832281,16.09,GX
UGC 5442,142.5903625324175,42.48243866750392,12015600.95426273,15.07,GX
UGC 5574,212.17511777622235,55.37838900456322,70466085.40088119,0.0,GX
UGC 5633,225.31769606058856,53.730864904154565,86284669.71906094,0.0,GX
UGC 5675,218.2032863042384,56.45061948809942,67514370.18274659,0.0,GX
UGC 5692,137.89638362182293,42.178596674097705,12720098.730082693,13.01,GX
UGC 5708,240.79774773791536,49.631223130230346,67329548.23538643,0.0,GX
UGC 5832,230.94019862568166,57.02361902435824,52217636.06887792,0.0,GX
UGC 5918,140.90179853372445,47.11911447640844,24217111.04381128,14.79,GX
UGC 5921,204.0862379965836,62.960036214283505,77462139.70242666,0.0,GX
UGC 5945,225.4839140908903,60.52174826744728,74836580.86198652,0.0,GX
UGC 6112,229.71466987356172,62.77987973407357,65394353.72773282,0.0,GX
UGC 6171,227.05932339447025,64.56265011486609,65704202.28654252,0.0,GX
UGC 6456,127.8360739489876,37.32728621849988,14725960.452903423,0.0,GX
UGC 6541,151.90214736025928,63.27475015378058,13386389.615944168,14.25,GX
UGC 6603,181.14481837014648,72.38348434901454,79666956.81564097,0.0,GX
UGC 6670,238.31602686881288,71.85987044290334,58447222.8828415,0.0,GX
UGC 6817,166.1962978992754,72.74483939821357,8539861.155965773,13.9,GX
UGC 7242,128.86942720424094,50.601371933384776,17172133.285611633,0.0,GX
UGC 7298,135.2055469613835,64.05857856856343,13687695.983909495,0.0,GX
UGC 7559,148.59196287260167,78.74487687157124,16088828.173983714,0.0,GX
UGC 7577,137.75801177398233,72.94224443497681,8447450.182285687,12.7,GX
UGC 7698,164.27777761983435,84.01928640537939,17276969.264156274,0.0,GX
UGC 8201,120.7523619721519,49.3578854197403,15056742.321045158,13.08,GX
UGC 8320,110.76707736051792,70.66070768473138,14024724.240860404,13.02,GX
UGC 8508,111.13931097415119,61.3083928851127,8568593.979715044,13.9,GX
UGC 8575,334.97856572649624,69.0362905212669,50554238.542636335,0.0,GX
UGC 8614,334.276060724836,67.6753865436422,54674680.78084261,0.0,GX
UGC 9057,338.61091122523385,54.74476767548783,95009352.82238688,0.0,GX
UGC 9169,356.658526191617,62.614137517598756,42457406.46637217,0.0,GX
UGC 9215,347.77760645541866,56.36467465466848,74779503.49588999,0.0,GX
UGC 9299,347.9420782565306,54.045750371538475,93938441.65311135,0.0,GX
UGC 9310,351.7847443196346,56.43432995563282,83186184.13096386,0.0,GX
UGC 9380,354.6002926612768,56.40131059707675,73833650.00057614,0.0,GX
UGC 9482,352.85076479167714,52.3933158188492,117119167.50991447,0.0,GX
UGC 9500,2.6996515738636377,56.8570001389186,90019160.24366213,0.0,GX
UGC 9746,1.7370026821010762,48.29403789699703,92807797.2729495,0.0,GX
UGC 9751,1.3417429754746124,47.840453848476706,87100060.663297,0.0,GX
UGC 9760,1.8928077416118967,47.807206255204406,83104645.03654025,0.0,GX
UGCA 15,119.39364448385831,-83.87675188697659,10996129.30512643,15.36,GX
UGCA 86,139.76254309632463,10.647090634617427,9817306.968602285,14.2,GX
UGCA 92,144.7071809907344,10.515656949882604,9540074.04756202,0.0,GX
UGCA 105,148.5225901248618,13.658018089606207,11846724.429812059,0.0,GX
UGCA 133,149.09873433188585,28.95843977444682,10189125.23917393,14.8,GX
UGCA 220,141.72835101604448,47.70743760868146,250000000.0,0.0,GX
UGCA 281,134.15524862800686,68.0819629890868,18590913.528582398,0.0,GX
UGCA 365,314.6112252632552,32.61127751628562,17438494.327395417,0.0,GX
UGCA 438,11.867385853815234,-70.85896498624204,7207403.634291471,14.23,GX
UGCA 442,10.701634714856038,-74.52891286494243,14028348.200612566,13.73,GX
61 Cyg A,82.31974030916861,-5.818104150493483,11.389054552711732,5.21,Star
61 Cyg B,82.31713107156989,-5.8262372282943256,11.409058810543655,6.03,Star
alf Cen A,315.73417133918474,-0.6796562480071233,4.34,0.01,Star
alf Cen B,315.7300838265927,-0.6817132488348769,4.34,1.33,Star
alf Lup,321.6107054332096,11.436556099444116,465.0,2.286,Star
bet Sco,353.19291573551664,23.599672768628796,466.0,2.5,Star
del Cen,295.9963489130017,11.568282031334146,531.6348956419176,2.52,Star
eps Cen,310.19192259812945,8.721024979774146,430.0,2.3,Star
eps Eri,195.84464068989791,-48.05129995244374,10.473859756901167,3.73,Star
eps Ind,336.1926307303072,-48.044860823853504,11.867689036978303,4.69,Star
eta Cen,322.77400418733447,16.669134901292825,306.0,2.31,Star
gam Cas,123.57687600583925,-2.1484067522987242,500.650039760947,2.39,Star
gam Crv,290.98469665374205,44.50166399626534,154.0,2.58,Star
gam Vel,262.80255562697596,-7.685818613717647,512.0655129802519,1.83,Star
kap Sco,351.0437489555831,-4.719239313733034,480.0,2.386,Star
tau Cet,173.10067574557047,-73.43972468358598,11.831974913620764,3.5,Star
zet Cen,314.0687425440198,14.192500977567343,382.0,2.55,Star
zet Oph,6.281242785511543,23.58773475935695,582.1483646373422,2.56,Star
G 51-15,197.01458985507077,32.42081484256984,11.67884449429323,0.0,Star
GJ 65,175.48747060882988,-75.69940889628766,8.73,12.08,Star
GJ 725 A,89.28835615082778,24.230707994576377,11.488695326097378,8.93,Star
GJ 725 B,89.2846838768885,24.22953805911471,11.490326107985851,9.78,Star
Gmb 34,116.67691538165998,-18.446947135334902,11.619320955363996,8.14,Star
LAL 21185,185.11841186745187,65.43157389909686,8.307366018065927,7.52,Star
M 1,184.55465500348814,-5.783339352016455,6523.12755388856,0.0,PN
M 2,53.37088107226786,-35.76976314846648,39138.76532333136,6.25,KS
M 3,42.21695053140951,78.70684949996298,32615.6377694428,6.39,KS
M 4,350.9729323661659,15.97217850675789,6523.12755388856,0.0,KS
M 5,3.858729178187626,46.79636544253885,25320.606788344096,5.95,KS
M 6,356.58345224415206,-0.760422991035772,1458.7162794395683,0.0,OS
M 7,355.8129323399771,-4.513534026495292,935.8649562469493,0.0,OS
M 8,5.957518413637774,-1.1666827290677575,4148.709124273124,0.0,OS
M 9,5.544427835431332,10.705137810104311,25800.0,8.42,KS
M 10,15.137060377428693,23.075976015454835,13046.25510777712,4.98,KS
M 11,27.303063557477454,-2.7726078907360865,6729.497565935081,5.8,OS
M 12,15.715202789604628,26.313275874920375,16307.8188847214,6.07,KS
M 13,59.009474605072015,40.91176144454107,26092.51021555424,5.8,KS
M 14,21.323860522888786,14.804431954527391,30000.0,5.73,KS
M 15,65.012637315375,-27.312625861888836,33039.64106044556,0.0,KS
M 16,16.961454070251225,0.810571515805454,5540.930919345911,0.0,OS
M 17,15.095250469470384,-0.745362442513275,5512.042783035834,0.0,OS
M 18,14.192705210101389,-1.0030025459389937,4331.356695782004,0.0,OS
M 19,356.86864900445386,9.382671826357956,28000.0,5.57,KS
M 20,7.085893637515013,-0.2873264847172545,3397.2448300651618,0.0,OS
M 21,7.655994198313807,-0.34751921257195595,3905.179028927951,0.0,OS
M 22,9.892262357409502,-7.551643429981747,9719.460055293954,0.0,KS
M 23,9.877862323790367,2.857522520836095,2233.8898773310702,0.0,OS
M 24,12.549945070282167,-1.0329085839865562,10000.0,0.0,OS
M 25,13.700948737478386,-4.424977491270467,2066.744246657025,0.0,OS
M 26,23.872649075144075,-2.9077509286974137,5543.353795294498,8.87,OS
M 27,60.83614089241078,-3.6962713634175075,998.2984623779721,14.089,PN
M 28,7.79820632964535,-5.580678136879709,17954.90859207826,0.0,KS
M 29,76.86763680161738,0.6098178130388443,4477.474752989107,6.6,OS
M 30,27.17914780304327,-46.83551301849333,22830.94643860996,7.1,KS
M 34,143.68265549267204,-15.64596697811571,1643.828143579917,0.0,OS
M 35,186.60932553137442,2.230033202920245,2938.1670899006185,0.0,OS
M 36,174.5427277246644,1.0755914221879943,3977.8031823612437,6.0,OS
M 37,177.64216668774694,3.086413354484388,4508.832359016014,0.0,OS
M 38,172.2699440251249,0.6818695875475445,3599.368596699223,6.4,OS
M 39,92.24586633387717,-2.350655017295327,1007.3339725092409,0.0,OS
M 40,130.35429777559295,58.62159063964861,1200.0,0.0,undefined
M 41,230.9800279727133,-10.431644264232535,2254.6608744475584,4.5,OS
M 42,209.00947950388093,-19.381774282431564,1532.1195842195755,0.0,GN
M 43,208.92655819693462,-19.276105497623284,1344.0,0.0,GN
M 44,205.95250883939303,32.4278123841429,603.3892987346919,0.0,OS
M 45,166.46277557723283,-23.614565738887002,436.7958689278823,0.0,OS
M 46,231.88885590789218,4.0505102358256035,4855.357901403983,0.0,OS
M 47,230.96364310689276,3.128465106570356,1609.0696584090217,0.0,OS
M 48,227.8420509511613,15.39020930600691,2514.66567202404,0.0,OS
M 50,221.65998100211883,-1.3148435825668634,3004.5525513210705,0.0,OS
M 51,104.85158475905082,68.56070178078463,24859639.1078693,8.36,GX
M 52,112.81554564572863,0.43212976068197506,5952.877917503472,0.0,OS
M 53,332.9629936390512,79.76419054369389,60000.0,7.79,KS
M 54,5.607030505841504,-14.087151304615213,86803.25835959506,0.0,KS
M 55,8.792570908326487,-23.2716497701128,16307.8188847214,6.49,KS
M 56,62.65940899910508,8.336381533045493,32615.6377694428,0.0,KS
M 57,63.170086182598006,13.978095502628221,2688.0324638056245,15.769,PN
M 62,353.5745845826073,7.319558927375568,21624.167841140577,0.0,KS
M 63,105.9977353174577,74.28758292737959,27622509.783318803,8.59,GX
M 64,315.6819735429646,84.42296536336882,20092307.26345623,8.52,GX
M 67,215.691165900411,31.920791278308297,2910.8350286438754,0.0,OS
M 68,299.6257840509676,36.050829561438974,32615.6377694428,7.96,KS
M 69,1.7228886247291608,-10.269379135610967,28000.0,0.0,KS
M 70,2.8529294797342075,-12.509868878022973,29680.23037019295,0.0,KS
M 71,56.74588317596684,-4.564432510480322,13046.25510777712,0.0,KS
M 72,35.16233192598909,-32.68313184721072,55000.0,8.96,KS
M 73,35.72450324213625,-33.95380485466468,2235.7628303299807,0.0,undefined
M 74,138.6168076729638,-45.705270800406794,29545817.70298532,9.46,GX
M 75,20.30307520915687,-25.747961814004817,68492.83931582989,8.26,KS
M 76,130.93352704487182,-10.5039545077805,3558.3660806462094,17.48,PN
M 77,172.10370821417982,-51.93379153101516,47927773.71225815,8.87,GX
M 78,205.32872473605912,-14.31192732960292,1600.0,0.0,GN
M 79,227.22914772165885,-29.351518039095968,42400.32910027564,8.16,KS
M 80,352.67323403562057,19.463023894647225,31256.821376511158,0.0,KS
M 92,68.33839882971392,34.858906695416444,27212.313778971777,6.52,KS
M 93,240.04276785512113,0.14909986854075763,3377.887449048998,0.0,OS
M 97,148.48953456818478,57.049956158102795,2448.8987661738856,15.777,PN
M 101,102.03699232917411,59.77141278681372,21766073.045135792,7.86,GX
M 102,92.03402047579715,52.48906124338408,47906718.50609811,9.89,GX
M 103,128.0476786010642,-1.7957131602809682,7337.866185369241,7.4,OS
M 104,298.46058621104555,51.14928244379635,39695427.2850217,8.0,GX
M 106,138.3196860124184,68.84239606571371,23799761.342913494,8.41,GX
M 107,3.373305614026621,23.01056010762587,19569.38266166568,0.0,KS
M 108,148.31444528747306,56.25173924915683,34041830.65736116,0.0,GX
Achernar,290.8412416940021,-58.79200968963357,139.0,0.46,Star
Acrux,300.1265773848604,-0.3627247851527768,322.0,0.0,Star
Adhara,239.83106157612846,-11.329752531546957,404.43390834109067,1.5,Star
Aldebaran,180.97191141694378,-20.248296660569785,66.6,0.86,Star
Alderamin,100.99897698438907,9.17192871558951,49.046,2.46,Star
Algieba,216.55164396273332,54.65232990536508,126.0,2.37,Star
Algol,148.97652586489147,-14.900261429223914,89.9,2.12,Star
Alhena,196.7736034602685,4.452590067400637,109.3,1.92,Star
Alioth,122.1800376474758,61.16464632401364,82.6,1.77,Star
Aljanah,75.95139618519575,-5.715340869809876,75.53944785591798,2.48,Star
Alkaid,100.69557277293077,65.32245639807881,103.9,1.86,Star
Almach,136.96458467741294,-18.559014230684127,355.0,2.1,Star
Alnair,349.9984856461432,-52.47374323293959,101.4,1.71,Star
Alnilam,205.21207149732675,-17.241728929072167,1193.7323423616065,1.69,Star
Alnitak,206.45218456438798,-16.58516460581722,800.0,1.77,Star
Alphard,241.4881420985039,29.045453748416083,180.0,1.97,Star
Alphecca,41.86972852905154,53.77232873010039,77.21360854262349,2.24,Star
Alpheratz,111.73222781647081,-32.843356747293875,97.0,2.06,Star
Alsephina,272.07880183818787,-7.370899299938331,80.6,0.0,Star
Altair,47.74412569454772,-8.90918815585872,16.7,0.76,Star
Aludra,242.6165305221429,-6.485717024084841,2000.0,2.45,Star
Ankaa,319.99977774132236,-73.97845492408743,81.70608648898654,2.38,Star
Antares,351.9471373701792,15.064321702441054,550.0,0.91,Star
Arcturus,15.050059227620773,69.1112945908052,36.7,-0.05,Star
Arneb,220.94712648906355,-25.141351504806597,1940.0,2.57,Star
Aspidiske,278.45916595331147,-7.011147437962406,800.0,2.26,Star
Atria,321.53579545110574,-15.25882551772702,391.0,1.88,Star
Avior,274.2855019926664,-12.60096643788279,600.0,1.86,Star
Barnard's star,31.00870271778396,14.062651014864283,5.952136455338181,9.511,Star
Bellatrix,196.92784560982014,-15.95320119368159,394.64921701025787,1.64,Star
Betelgeuse,199.7872361863758,-8.95860328596853,500.0,0.42,Star
Canopus,261.21210208058505,-25.292205444358782,309.0,-0.74,Star
Capella,162.58847599637204,4.566430528753894,42.400329100275634,0.08,Star
Caph,117.52807600174054,-3.2778548339449665,54.7,2.27,Star
Castor,187.4409981714943,22.479268058311327,50.88,1.58,Star
Deneb,84.28473664147708,1.9975461123840774,1400.0,1.25,Star
Denebola,250.64029983118064,70.79975490270654,36.17400385008901,2.13,Star
Diphda,111.3302565962146,-80.68107455866806,96.32,2.01,Star
Dschubba,350.09692827135353,22.490425467996335,730.5902860355187,2.32,Star
Dubhe,142.84873691416593,51.00859152219225,124.0,1.79,Star
Elnath,177.99440339906636,-3.745403982890885,134.0,1.65,Star
Eltanin,79.05496370989388,29.217336092997925,154.3,2.23,Star
Enif,65.57098405413414,-31.457535644362117,690.0,2.39,Star
Fomalhaut,20.488145382149757,-64.90960177774325,25.1,1.16,Star
Gacrux,300.169210889397,5.649751780945314,88.71,1.64,Star
Hadar,311.7669620867492,1.251104417388562,390.0,0.58,Star
Hamal,144.57841271270536,-36.20553660321945,65.8,2.01,Star
Izar,39.38466480348574,64.7841872959903,235.8886862909627,2.45,Star
Kaus Australis,359.1938295729034,-9.807591817213542,143.0,1.81,Star
Kochab,112.64721268502129,40.50263510132384,130.9,2.08,Star
Lacaille 9352,5.1008135553272975,-65.95708385217249,10.722553994893167,7.39,Star
Larawag,348.811082404036,6.560904225880537,63.71,2.29,Star
MIRACH,127.1075879044824,-27.102820714364675,197.0,2.05,Star
Markab,88.27979025303611,-40.38106260493483,133.3,2.48,Star
Markeb,241.9661351493747,-2.436962304351362,570.0,0.0,Star
Menkalinan,167.45684498372586,10.409441324503643,81.0,1.9,Star
Menkar,173.3159828553776,-45.59569258494326,249.0,2.53,Star
Menkent,319.45356814506,24.07603163750237,59.0,2.05,Star
Merak,149.16608921863323,54.80408354847633,90.49632702422906,2.37,Star
Miaplacidus,285.97840664481555,-14.407321734780927,113.2,1.69,Star
Mimosa,302.46225764708174,3.1795861118603455,280.0,1.25,Star
Mintaka,203.8559221726233,-17.739733997627237,1238.0,2.41,Star
Mirfak,146.56865953529154,-5.862434653167224,506.0,1.79,Star
Mirzam,226.0598500109246,-14.268046417733176,493.0,1.97,Star
Mizar,113.11050335973488,61.579073040275716,82.9,0.0,Star
Muliphein,228.2518612677048,-4.406192140000775,371.6718263580631,4.12,Star
Naos,255.97588293691376,-4.705685137495045,1090.0,2.25,Star
Nunki,9.555918749930578,-12.435156747096613,224.0,2.067,Star
Peacock,340.9043246920715,-35.19310696664592,183.29988426426854,1.918,Star
Phecda,140.83991337998162,61.38488230660889,83.2,2.44,Star
Polaris,123.28054966673604,26.46139597708484,430.0,2.02,Star
Pollux,192.22928776725976,23.406268896737632,33.8,1.14,Star
Procyon A,213.70224137805923,13.019396824111878,11.4,0.37,Star
Procyon B,213.7025874692414,13.01811540323835,11.41547321930498,10.92,Star
Proxima Centauri,313.93986204938795,-1.9271491328276333,4.245468849655804,11.13,Star
Rasalhague,35.89375208457496,22.568054407551553,47.88,2.07,Star
Regulus,226.42735280726845,48.93420887413584,77.49149377641915,1.4,Star
Rigel,209.2411850649265,-25.2453482533274,860.0,0.13,Star
SADR,78.14859103269741,1.8670884434352333,1800.0,2.23,Star
Sabik,6.721440515406831,14.007834333934664,88.0,2.42,Star
Saiph,214.5143407950623,-18.496466795405457,799.0831253513486,2.06,Star
Sargas,347.1389243355617,-5.9757317128202745,300.0,1.85,Star
Scheat,95.74856001049942,-29.044922965900103,196.0,2.42,Star
Schedar,121.41640627969227,-6.302250724691063,231.46437502753776,2.23,Star
Shaula,351.7443622127362,-2.21436679444333,600.0,1.63,Star
Sirius A,227.2302912604535,-8.890281206231228,8.58,-1.46,Star
Sirius B,227.23165643894288,-8.88921798599607,8.932607794106147,8.44,Star
Spica,316.112347496413,50.844554812765715,303.32543125581805,0.97,Star
Suhail,265.9349877242762,2.8211175103596027,545.0,2.21,Star
Tiaki,346.26692104795006,-57.954054035370575,177.0,2.11,Star
Vega,67.44820813405377,19.237252270616068,25.0,0.03,Star
Wezen,238.41746769436844,-8.266554735572004,1600.0,1.84,Star
Zosma,224.2285148018778,66.8275220920627,57.70684790547514,2.53,Star
Ross 128,270.1470898989591,59.55912042014045,10.991143771924527,11.153,Star
Ross 154,11.30719246989934,-10.284540482101193,13.79723016741854,10.43,Star
Ross 248,109.9908978693542,-16.94041422711673,10.126829371034294,0.0,Star
EZ Aqr,47.06963672098007,-56.97961030452404,11.08931684161055,12.38,Star
UV Cet,175.48858403687888,-75.69867070496562,8.74392632960992,0.0,Star
UY Sct,19.14357862029219,-0.47213952302203227,6313.519896199458,11.2,Star
YZ Cet,149.70525678711115,-78.75969868207697,12.327895685905142,12.074,Star
Wolf 359,244.0543969616771,56.119732366012066,7.1894650335182755,13.507,Star
Mercury,216.18255559999994,35.81305555999996,6.1306e-06,0.0,Planet
Venus,181.0017222,-13.501555559999986,1.14156e-05,0.0,Planet
Earth,359.99999999999994,3.657637883683045e-14,1.5855e-05,0.0,Planet
Moon,359.99999999999994,3.657637883683045e-14,1.58144e-05,0.0,Planet
Mars,252.70138889999993,58.79597222,2.40996e-05,0.0,Planet
Jupiter,190.7196944,7.3069166669999985,8.22347e-05,0.0,Planet
Saturn,99.67702778,-62.46919444000001,0.000151468,0.0,Planet
Uranus,170.62905560000002,-25.741111109999952,0.000303571,0.0,Planet
Neptune,100.0286944,-61.480027780000015,0.000475122,0.0,Planet
Pluto,19.72874999999996,-28.052194444443955,0.000780172,0.0,Planet
Voyager 1,33.16780556000005,26.64194443999998,0.002618191,0.0,Satelite
Voyager 2,338.2172499999999,-32.94749999999994,0.002008302,0.0,Satelite
Pioneer 10,178.75525,-7.14077777799998,0.001799015,0.0,Satelite
Pioneer 11,25.48147221999998,-5.152388888999948,0.002174251,0.0,Satelite
New Horizons,17.19788889,-14.382972220000008,0.0009587,0.0,Satelite
IC 1101,6.47365650070465,50.54551432422441,1000000000.0,0.0,GX
CNS5 2194,235.00547024581962,23.369458173863038,7.403,0.0,Star
LHS 1565,251.86977942184177,-52.90488708591617,11.9820068473602,13.07,Star
Luhman 16,285.18855711273005,5.292486236189812,6.52312755388856,16.2,Star
